Unbranded Wooden Sausages|537.32|true|false|Concrete|violet|Steel|Mayert LLC|New ABC 13 9370, 13.3, 5th Gen CoreA5-8250U, 8GB RAM, 256GB SSD, power UHD Graphics, OS 10 Home, OS Office A & J 2016|New range of formal shirts are designed keeping you in mind. With fits and styling that will make you stand apart|3
Handcrafted Wooden Car|59.62|true|false|Wooden|azure|Rubber|Ruecker - Reynolds|The beautiful range of Apple Naturalé that has an exciting mix of natural ingredients. With the Goodness of 100% Natural Ingredients|New range of formal shirts are designed keeping you in mind. With fits and styling that will make you stand apart|1
Tasty Plastic Table|267.17|true|false|Plastic|sky blue|Frozen|Luettgen - Schroeder|New ABC 13 9370, 13.3, 5th Gen CoreA5-8250U, 8GB RAM, 256GB SSD, power UHD Graphics, OS 10 Home, OS Office A & J 2016|The slim & simple Maple Gaming Keyboard from Dev Byte comes with a sleek body and 7- Color RGB LED Back-lighting for smart functionality|4
Refined Metal Keyboard|35.59|true|false|Steel|lime|Plastic|Bahringer Inc|Andy shoes are designed to keeping in mind durability as well as trends, the most stylish range of shoes & sandals|The Apollotech B340 is an affordable wireless mouse with reliable connectivity, 12 months battery life and modern design|1
Awesome Metal Gloves|938.88|true|false|Fresh|lime|Steel|Rath, Sauer and Bashirian|New range of formal shirts are designed keeping you in mind. With fits and styling that will make you stand apart|The Nagasaki Lander is the trademarked name of several series of Nagasaki sport bikes, that started with the 1984 ABC800J|1
Fantastic Fresh Computer|771.82|true|false|Concrete|cyan|Frozen|Trantow - Pouros|The slim & simple Maple Gaming Keyboard from Dev Byte comes with a sleek body and 7- Color RGB LED Back-lighting for smart functionality|The beautiful range of Apple Naturalé that has an exciting mix of natural ingredients. With the Goodness of 100% Natural Ingredients|2
Licensed Metal Salad|290.68|true|false|Concrete|maroon|Steel|Bauch Inc|The beautiful range of Apple Naturalé that has an exciting mix of natural ingredients. With the Goodness of 100% Natural Ingredients|Ergonomic executive chair upholstered in bonded black leather and PVC padded seat and back for all-day comfort and support|3
Gorgeous Cotton Cheese|898.12|true|false|Metal|magenta|Concrete|Doyle and Sons|The Nagasaki Lander is the trademarked name of several series of Nagasaki sport bikes, that started with the 1984 ABC800J|Carbonite web goalkeeper gloves are ergonomically designed to give easy fit|4
Gorgeous Granite Pants|959.15|true|false|Cotton|ivory|Wooden|Kiehn - Waters|Andy shoes are designed to keeping in mind durability as well as trends, the most stylish range of shoes & sandals|The Football Is Good For Training And Recreational Purposes|4
Sleek Plastic Bacon|144.48|true|false|Granite|sky blue|Steel|Kuhlman - Paucek|Andy shoes are designed to keeping in mind durability as well as trends, the most stylish range of shoes & sandals|Carbonite web goalkeeper gloves are ergonomically designed to give easy fit|4
Generic Plastic Fish|956.32|true|false|Fresh|sky blue|Metal|Grimes - McLaughlin|New ABC 13 9370, 13.3, 5th Gen CoreA5-8250U, 8GB RAM, 256GB SSD, power UHD Graphics, OS 10 Home, OS Office A & J 2016|The automobile layout consists of a front-engine design, with transaxle-type transmissions mounted at the rear of the engine and four wheel drive|4
Ergonomic Frozen Bacon|692.55|true|false|Metal|sky blue|Steel|Towne, Waelchi and Grimes|The Apollotech B340 is an affordable wireless mouse with reliable connectivity, 12 months battery life and modern design|Boston's most advanced compression wear technology increases muscle oxygenation, stabilizes active muscles|1
Practical Plastic Car|812.11|true|false|Rubber|turquoise|Fresh|Pfeffer, Shields and Hickle|Boston's most advanced compression wear technology increases muscle oxygenation, stabilizes active muscles|Ergonomic executive chair upholstered in bonded black leather and PVC padded seat and back for all-day comfort and support|4
Incredible Metal Keyboard|131.98|true|false|Plastic|lime|Soft|Schaden Group|Carbonite web goalkeeper gloves are ergonomically designed to give easy fit|Boston's most advanced compression wear technology increases muscle oxygenation, stabilizes active muscles|1
Small Metal Fish|927.04|true|false|Fresh|gold|Cotton|Hettinger LLC|The Nagasaki Lander is the trademarked name of several series of Nagasaki sport bikes, that started with the 1984 ABC800J|The beautiful range of Apple Naturalé that has an exciting mix of natural ingredients. With the Goodness of 100% Natural Ingredients|2
Intelligent Fresh Ball|446.4|true|false|Concrete|lavender|Plastic|Graham - Treutel|The Nagasaki Lander is the trademarked name of several series of Nagasaki sport bikes, that started with the 1984 ABC800J|The Apollotech B340 is an affordable wireless mouse with reliable connectivity, 12 months battery life and modern design|1
Handcrafted Wooden Shoes|344.68|true|false|Granite|turquoise|Steel|Braun - Erdman|Boston's most advanced compression wear technology increases muscle oxygenation, stabilizes active muscles|The Football Is Good For Training And Recreational Purposes|1
Intelligent Plastic Computer|968.7|true|false|Concrete|silver|Fresh|Will - Hessel|The Apollotech B340 is an affordable wireless mouse with reliable connectivity, 12 months battery life and modern design|New ABC 13 9370, 13.3, 5th Gen CoreA5-8250U, 8GB RAM, 256GB SSD, power UHD Graphics, OS 10 Home, OS Office A & J 2016|4
Refined Plastic Chips|72.76|true|false|Frozen|teal|Metal|Mosciski - Barrows|Boston's most advanced compression wear technology increases muscle oxygenation, stabilizes active muscles|New range of formal shirts are designed keeping you in mind. With fits and styling that will make you stand apart|4
Handmade Cotton Shirt|865.29|true|false|Soft|black|Metal|Swift - Herzog|Carbonite web goalkeeper gloves are ergonomically designed to give easy fit|New ABC 13 9370, 13.3, 5th Gen CoreA5-8250U, 8GB RAM, 256GB SSD, power UHD Graphics, OS 10 Home, OS Office A & J 2016|2
Refined Cotton Pizza|352.98|true|false|Rubber|olive|Cotton|Abbott - Greenfelder|The Nagasaki Lander is the trademarked name of several series of Nagasaki sport bikes, that started with the 1984 ABC800J|The automobile layout consists of a front-engine design, with transaxle-type transmissions mounted at the rear of the engine and four wheel drive|1
Unbranded Cotton Fish|566.05|true|false|Wooden|magenta|Metal|Quitzon, Hermann and Hilpert|The Football Is Good For Training And Recreational Purposes|Boston's most advanced compression wear technology increases muscle oxygenation, stabilizes active muscles|2
Gorgeous Granite Bacon|225.09|true|false|Metal|fuchsia|Soft|Boyer - McKenzie|The Apollotech B340 is an affordable wireless mouse with reliable connectivity, 12 months battery life and modern design|The beautiful range of Apple Naturalé that has an exciting mix of natural ingredients. With the Goodness of 100% Natural Ingredients|1
Fantastic Plastic Soap|34.34|true|false|Wooden|red|Plastic|Schumm, West and King|Carbonite web goalkeeper gloves are ergonomically designed to give easy fit|The beautiful range of Apple Naturalé that has an exciting mix of natural ingredients. With the Goodness of 100% Natural Ingredients|2
Generic Plastic Chair|921.35|true|false|Granite|teal|Fresh|Stanton - Ondricka|The automobile layout consists of a front-engine design, with transaxle-type transmissions mounted at the rear of the engine and four wheel drive|The Nagasaki Lander is the trademarked name of several series of Nagasaki sport bikes, that started with the 1984 ABC800J|5
Rustic Fresh Car|891.67|true|false|Granite|sky blue|Granite|McKenzie, Hermann and Gulgowski|The Football Is Good For Training And Recreational Purposes|The beautiful range of Apple Naturalé that has an exciting mix of natural ingredients. With the Goodness of 100% Natural Ingredients|1
Handmade Fresh Sausages|146.31|true|false|Plastic|purple|Soft|Hane Group|Boston's most advanced compression wear technology increases muscle oxygenation, stabilizes active muscles|The Football Is Good For Training And Recreational Purposes|4
Unbranded Wooden Tuna|623.51|true|false|Rubber|indigo|Frozen|Prosacco - Paucek|The Apollotech B340 is an affordable wireless mouse with reliable connectivity, 12 months battery life and modern design|Andy shoes are designed to keeping in mind durability as well as trends, the most stylish range of shoes & sandals|1
Unbranded Frozen Bacon|739.51|true|false|Cotton|gold|Concrete|Kunde - Shields|Boston's most advanced compression wear technology increases muscle oxygenation, stabilizes active muscles|The Nagasaki Lander is the trademarked name of several series of Nagasaki sport bikes, that started with the 1984 ABC800J|3
Unbranded Frozen Hat|531.59|true|false|Plastic|turquoise|Granite|Mann, Corkery and Borer|Boston's most advanced compression wear technology increases muscle oxygenation, stabilizes active muscles|The beautiful range of Apple Naturalé that has an exciting mix of natural ingredients. With the Goodness of 100% Natural Ingredients|3
Practical Granite Mouse|195.14|true|false|Rubber|plum|Plastic|Wilderman - Hane|Boston's most advanced compression wear technology increases muscle oxygenation, stabilizes active muscles|Carbonite web goalkeeper gloves are ergonomically designed to give easy fit|4
Licensed Concrete Salad|534.02|true|false|Cotton|pink|Granite|Lowe - Schumm|The slim & simple Maple Gaming Keyboard from Dev Byte comes with a sleek body and 7- Color RGB LED Back-lighting for smart functionality|The slim & simple Maple Gaming Keyboard from Dev Byte comes with a sleek body and 7- Color RGB LED Back-lighting for smart functionality|3
Unbranded Steel Mouse|969.31|true|false|Concrete|mint green|Plastic|King - Moore|Ergonomic executive chair upholstered in bonded black leather and PVC padded seat and back for all-day comfort and support|The Apollotech B340 is an affordable wireless mouse with reliable connectivity, 12 months battery life and modern design|2
Generic Rubber Cheese|48|true|false|Cotton|orchid|Soft|Armstrong, Dibbert and Bergnaum|The Nagasaki Lander is the trademarked name of several series of Nagasaki sport bikes, that started with the 1984 ABC800J|Carbonite web goalkeeper gloves are ergonomically designed to give easy fit|2
Fantastic Fresh Soap|94.21|true|false|Fresh|cyan|Soft|Cummings and Sons|Andy shoes are designed to keeping in mind durability as well as trends, the most stylish range of shoes & sandals|The Nagasaki Lander is the trademarked name of several series of Nagasaki sport bikes, that started with the 1984 ABC800J|5
Ergonomic Cotton Computer|441.45|true|false|Plastic|plum|Cotton|Rowe, Predovic and Marquardt|The beautiful range of Apple Naturalé that has an exciting mix of natural ingredients. With the Goodness of 100% Natural Ingredients|The slim & simple Maple Gaming Keyboard from Dev Byte comes with a sleek body and 7- Color RGB LED Back-lighting for smart functionality|4
Fantastic Plastic Bacon|857.66|true|false|Cotton|ivory|Metal|Stroman - O'Hara|The automobile layout consists of a front-engine design, with transaxle-type transmissions mounted at the rear of the engine and four wheel drive|The Nagasaki Lander is the trademarked name of several series of Nagasaki sport bikes, that started with the 1984 ABC800J|1
Practical Frozen Computer|174.88|true|false|Wooden|olive|Metal|Johns - Cassin|The slim & simple Maple Gaming Keyboard from Dev Byte comes with a sleek body and 7- Color RGB LED Back-lighting for smart functionality|The slim & simple Maple Gaming Keyboard from Dev Byte comes with a sleek body and 7- Color RGB LED Back-lighting for smart functionality|3
Small Wooden Tuna|293.29|true|false|Metal|tan|Metal|Jast - Waelchi|Carbonite web goalkeeper gloves are ergonomically designed to give easy fit|The slim & simple Maple Gaming Keyboard from Dev Byte comes with a sleek body and 7- Color RGB LED Back-lighting for smart functionality|1
Sleek Fresh Chair|20.68|true|false|Soft|green|Metal|Okuneva - Heathcote|The slim & simple Maple Gaming Keyboard from Dev Byte comes with a sleek body and 7- Color RGB LED Back-lighting for smart functionality|Boston's most advanced compression wear technology increases muscle oxygenation, stabilizes active muscles|2
Licensed Metal Tuna|600.15|true|false|Concrete|lavender|Soft|Luettgen Inc|Ergonomic executive chair upholstered in bonded black leather and PVC padded seat and back for all-day comfort and support|New ABC 13 9370, 13.3, 5th Gen CoreA5-8250U, 8GB RAM, 256GB SSD, power UHD Graphics, OS 10 Home, OS Office A & J 2016|5
Unbranded Rubber Gloves|273.36|true|false|Granite|pink|Plastic|Kulas Inc|The Apollotech B340 is an affordable wireless mouse with reliable connectivity, 12 months battery life and modern design|The Nagasaki Lander is the trademarked name of several series of Nagasaki sport bikes, that started with the 1984 ABC800J|5
Refined Metal Chicken|604.57|true|false|Wooden|maroon|Rubber|Kozey Inc|The Football Is Good For Training And Recreational Purposes|The Football Is Good For Training And Recreational Purposes|3
Rustic Soft Keyboard|642.43|true|false|Soft|azure|Frozen|Cummings - Yundt|New ABC 13 9370, 13.3, 5th Gen CoreA5-8250U, 8GB RAM, 256GB SSD, power UHD Graphics, OS 10 Home, OS Office A & J 2016|The Football Is Good For Training And Recreational Purposes|5
Unbranded Wooden Chicken|295.97|true|false|Soft|grey|Rubber|Orn LLC|The slim & simple Maple Gaming Keyboard from Dev Byte comes with a sleek body and 7- Color RGB LED Back-lighting for smart functionality|The beautiful range of Apple Naturalé that has an exciting mix of natural ingredients. With the Goodness of 100% Natural Ingredients|4
Fantastic Plastic Pizza|444.25|true|false|Concrete|ivory|Plastic|Towne Inc|The Apollotech B340 is an affordable wireless mouse with reliable connectivity, 12 months battery life and modern design|The slim & simple Maple Gaming Keyboard from Dev Byte comes with a sleek body and 7- Color RGB LED Back-lighting for smart functionality|2
Tasty Steel Chicken|970.58|true|false|Rubber|silver|Soft|Mosciski, Brown and West|The automobile layout consists of a front-engine design, with transaxle-type transmissions mounted at the rear of the engine and four wheel drive|New range of formal shirts are designed keeping you in mind. With fits and styling that will make you stand apart|5
Small Frozen Towels|174.35|true|false|Wooden|fuchsia|Concrete|Heathcote, Kozey and Sanford|The beautiful range of Apple Naturalé that has an exciting mix of natural ingredients. With the Goodness of 100% Natural Ingredients|The beautiful range of Apple Naturalé that has an exciting mix of natural ingredients. With the Goodness of 100% Natural Ingredients|1
Practical Rubber Shoes|450.19|true|false|Soft|salmon|Plastic|Wintheiser, Kunze and Ankunding|The beautiful range of Apple Naturalé that has an exciting mix of natural ingredients. With the Goodness of 100% Natural Ingredients|The Football Is Good For Training And Recreational Purposes|2
Sleek Soft Shirt|131.96|true|false|Wooden|pink|Plastic|Hayes, Parisian and Hammes|The Nagasaki Lander is the trademarked name of several series of Nagasaki sport bikes, that started with the 1984 ABC800J|Boston's most advanced compression wear technology increases muscle oxygenation, stabilizes active muscles|2
Tasty Frozen Mouse|774.49|true|false|Granite|olive|Steel|Lakin - Harber|The automobile layout consists of a front-engine design, with transaxle-type transmissions mounted at the rear of the engine and four wheel drive|The Nagasaki Lander is the trademarked name of several series of Nagasaki sport bikes, that started with the 1984 ABC800J|4
Licensed Concrete Chicken|675.13|true|false|Steel|pink|Rubber|Barrows, Hand and Ondricka|The beautiful range of Apple Naturalé that has an exciting mix of natural ingredients. With the Goodness of 100% Natural Ingredients|New ABC 13 9370, 13.3, 5th Gen CoreA5-8250U, 8GB RAM, 256GB SSD, power UHD Graphics, OS 10 Home, OS Office A & J 2016|4
Licensed Wooden Shirt|701.09|true|false|Rubber|silver|Cotton|O'Keefe - Hamill|The beautiful range of Apple Naturalé that has an exciting mix of natural ingredients. With the Goodness of 100% Natural Ingredients|The Apollotech B340 is an affordable wireless mouse with reliable connectivity, 12 months battery life and modern design|1
Awesome Metal Bike|839.48|true|false|Metal|purple|Wooden|Reilly - VonRueden|New ABC 13 9370, 13.3, 5th Gen CoreA5-8250U, 8GB RAM, 256GB SSD, power UHD Graphics, OS 10 Home, OS Office A & J 2016|Boston's most advanced compression wear technology increases muscle oxygenation, stabilizes active muscles|4
Refined Fresh Mouse|494.04|true|false|Soft|ivory|Rubber|Zboncak LLC|The slim & simple Maple Gaming Keyboard from Dev Byte comes with a sleek body and 7- Color RGB LED Back-lighting for smart functionality|The Apollotech B340 is an affordable wireless mouse with reliable connectivity, 12 months battery life and modern design|4
Tasty Cotton Pants|560.55|true|false|Steel|yellow|Cotton|Ledner and Sons|The Nagasaki Lander is the trademarked name of several series of Nagasaki sport bikes, that started with the 1984 ABC800J|Carbonite web goalkeeper gloves are ergonomically designed to give easy fit|5
Rustic Granite Bacon|204.09|true|false|Plastic|fuchsia|Cotton|Auer - Cassin|The Apollotech B340 is an affordable wireless mouse with reliable connectivity, 12 months battery life and modern design|New ABC 13 9370, 13.3, 5th Gen CoreA5-8250U, 8GB RAM, 256GB SSD, power UHD Graphics, OS 10 Home, OS Office A & J 2016|4
Handmade Frozen Towels|993.45|true|false|Frozen|purple|Steel|Kuhlman, Bailey and Schoen|The automobile layout consists of a front-engine design, with transaxle-type transmissions mounted at the rear of the engine and four wheel drive|New ABC 13 9370, 13.3, 5th Gen CoreA5-8250U, 8GB RAM, 256GB SSD, power UHD Graphics, OS 10 Home, OS Office A & J 2016|3
Refined Cotton Towels|28.27|true|false|Cotton|olive|Wooden|Klein and Sons|Ergonomic executive chair upholstered in bonded black leather and PVC padded seat and back for all-day comfort and support|Ergonomic executive chair upholstered in bonded black leather and PVC padded seat and back for all-day comfort and support|4
Gorgeous Rubber Chicken|745.91|true|false|Plastic|blue|Metal|Zboncak and Sons|The slim & simple Maple Gaming Keyboard from Dev Byte comes with a sleek body and 7- Color RGB LED Back-lighting for smart functionality|The Nagasaki Lander is the trademarked name of several series of Nagasaki sport bikes, that started with the 1984 ABC800J|2
Small Rubber Sausages|445.27|true|false|Wooden|salmon|Soft|Doyle - Hahn|Carbonite web goalkeeper gloves are ergonomically designed to give easy fit|Andy shoes are designed to keeping in mind durability as well as trends, the most stylish range of shoes & sandals|2
Incredible Concrete Mouse|574.15|true|false|Granite|plum|Cotton|Nikolaus Group|Boston's most advanced compression wear technology increases muscle oxygenation, stabilizes active muscles|Boston's most advanced compression wear technology increases muscle oxygenation, stabilizes active muscles|1
Refined Granite Fish|920.34|true|false|Steel|maroon|Metal|Denesik LLC|The slim & simple Maple Gaming Keyboard from Dev Byte comes with a sleek body and 7- Color RGB LED Back-lighting for smart functionality|The slim & simple Maple Gaming Keyboard from Dev Byte comes with a sleek body and 7- Color RGB LED Back-lighting for smart functionality|3
Awesome Cotton Tuna|366.34|true|false|Cotton|maroon|Granite|Hilpert, Wisozk and Howe|The beautiful range of Apple Naturalé that has an exciting mix of natural ingredients. With the Goodness of 100% Natural Ingredients|Ergonomic executive chair upholstered in bonded black leather and PVC padded seat and back for all-day comfort and support|3
Intelligent Cotton Shoes|194.25|true|false|Steel|orchid|Soft|Greenholt, Ritchie and Feeney|Boston's most advanced compression wear technology increases muscle oxygenation, stabilizes active muscles|Boston's most advanced compression wear technology increases muscle oxygenation, stabilizes active muscles|1
Intelligent Rubber Keyboard|305.12|true|false|Concrete|fuchsia|Rubber|Altenwerth Inc|The Nagasaki Lander is the trademarked name of several series of Nagasaki sport bikes, that started with the 1984 ABC800J|The Football Is Good For Training And Recreational Purposes|3
Generic Plastic Salad|464.89|true|false|Cotton|red|Concrete|Denesik LLC|The Nagasaki Lander is the trademarked name of several series of Nagasaki sport bikes, that started with the 1984 ABC800J|The Nagasaki Lander is the trademarked name of several series of Nagasaki sport bikes, that started with the 1984 ABC800J|1
Gorgeous Frozen Mouse|757.38|true|false|Granite|black|Granite|Corkery, Wintheiser and Stark|The Apollotech B340 is an affordable wireless mouse with reliable connectivity, 12 months battery life and modern design|New ABC 13 9370, 13.3, 5th Gen CoreA5-8250U, 8GB RAM, 256GB SSD, power UHD Graphics, OS 10 Home, OS Office A & J 2016|1
Rustic Metal Cheese|223.69|true|false|Plastic|yellow|Metal|Kohler LLC|New range of formal shirts are designed keeping you in mind. With fits and styling that will make you stand apart|The beautiful range of Apple Naturalé that has an exciting mix of natural ingredients. With the Goodness of 100% Natural Ingredients|3
Handcrafted Concrete Gloves|681.05|true|false|Concrete|maroon|Metal|Feeney and Sons|The Nagasaki Lander is the trademarked name of several series of Nagasaki sport bikes, that started with the 1984 ABC800J|The beautiful range of Apple Naturalé that has an exciting mix of natural ingredients. With the Goodness of 100% Natural Ingredients|5
Small Fresh Chair|959.21|true|false|Frozen|violet|Steel|Hayes, Huel and Stehr|New range of formal shirts are designed keeping you in mind. With fits and styling that will make you stand apart|The Apollotech B340 is an affordable wireless mouse with reliable connectivity, 12 months battery life and modern design|1
Sleek Rubber Salad|774.17|true|false|Frozen|cyan|Fresh|Huels, Stark and Yundt|The automobile layout consists of a front-engine design, with transaxle-type transmissions mounted at the rear of the engine and four wheel drive|The beautiful range of Apple Naturalé that has an exciting mix of natural ingredients. With the Goodness of 100% Natural Ingredients|5
Intelligent Wooden Soap|90.4|true|false|Soft|mint green|Plastic|Nader Inc|Carbonite web goalkeeper gloves are ergonomically designed to give easy fit|The beautiful range of Apple Naturalé that has an exciting mix of natural ingredients. With the Goodness of 100% Natural Ingredients|3
Ergonomic Plastic Bike|486.76|true|false|Concrete|gold|Steel|Emard - Reichel|Carbonite web goalkeeper gloves are ergonomically designed to give easy fit|The Apollotech B340 is an affordable wireless mouse with reliable connectivity, 12 months battery life and modern design|5
Gorgeous Fresh Chair|78.08|true|false|Granite|indigo|Metal|Stracke - Walker|The Football Is Good For Training And Recreational Purposes|Andy shoes are designed to keeping in mind durability as well as trends, the most stylish range of shoes & sandals|2
Handmade Metal Pants|418.53|true|false|Wooden|magenta|Frozen|Mayer, Boyle and Bashirian|Ergonomic executive chair upholstered in bonded black leather and PVC padded seat and back for all-day comfort and support|The Nagasaki Lander is the trademarked name of several series of Nagasaki sport bikes, that started with the 1984 ABC800J|5
Handcrafted Plastic Mouse|379.5|true|false|Wooden|red|Concrete|Glover, Muller and Breitenberg|The Apollotech B340 is an affordable wireless mouse with reliable connectivity, 12 months battery life and modern design|The slim & simple Maple Gaming Keyboard from Dev Byte comes with a sleek body and 7- Color RGB LED Back-lighting for smart functionality|5
Incredible Granite Shirt|356.28|true|false|Metal|azure|Soft|Cruickshank Inc|New ABC 13 9370, 13.3, 5th Gen CoreA5-8250U, 8GB RAM, 256GB SSD, power UHD Graphics, OS 10 Home, OS Office A & J 2016|Boston's most advanced compression wear technology increases muscle oxygenation, stabilizes active muscles|4
Small Rubber Chicken|301.16|true|false|Frozen|black|Cotton|Jast - Towne|Carbonite web goalkeeper gloves are ergonomically designed to give easy fit|The beautiful range of Apple Naturalé that has an exciting mix of natural ingredients. With the Goodness of 100% Natural Ingredients|1
Tasty Plastic Chair|821.45|true|false|Rubber|sky blue|Metal|O'Connell, Weimann and Hilll|Andy shoes are designed to keeping in mind durability as well as trends, the most stylish range of shoes & sandals|The Apollotech B340 is an affordable wireless mouse with reliable connectivity, 12 months battery life and modern design|4
Fantastic Soft Gloves|990.61|true|false|Granite|ivory|Concrete|Blick, Hills and Reynolds|Boston's most advanced compression wear technology increases muscle oxygenation, stabilizes active muscles|The Nagasaki Lander is the trademarked name of several series of Nagasaki sport bikes, that started with the 1984 ABC800J|4
Gorgeous Cotton Tuna|984.78|true|false|Frozen|plum|Plastic|Hoeger and Sons|The slim & simple Maple Gaming Keyboard from Dev Byte comes with a sleek body and 7- Color RGB LED Back-lighting for smart functionality|The beautiful range of Apple Naturalé that has an exciting mix of natural ingredients. With the Goodness of 100% Natural Ingredients|4
Ergonomic Fresh Mouse|792.85|true|false|Steel|olive|Granite|Wilderman LLC|Ergonomic executive chair upholstered in bonded black leather and PVC padded seat and back for all-day comfort and support|New range of formal shirts are designed keeping you in mind. With fits and styling that will make you stand apart|3
Fantastic Fresh Shoes|263.26|true|false|Granite|yellow|Rubber|Grady LLC|New range of formal shirts are designed keeping you in mind. With fits and styling that will make you stand apart|The automobile layout consists of a front-engine design, with transaxle-type transmissions mounted at the rear of the engine and four wheel drive|5
Handcrafted Rubber Towels|550.72|true|false|Wooden|orange|Cotton|Schinner Inc|The Football Is Good For Training And Recreational Purposes|The Football Is Good For Training And Recreational Purposes|3
Handcrafted Steel Tuna|242.55|true|false|Metal|ivory|Soft|Dickinson - Cummerata|Andy shoes are designed to keeping in mind durability as well as trends, the most stylish range of shoes & sandals|New range of formal shirts are designed keeping you in mind. With fits and styling that will make you stand apart|3
Handmade Soft Hat|540.82|true|false|Steel|yellow|Frozen|Lesch Inc|New range of formal shirts are designed keeping you in mind. With fits and styling that will make you stand apart|Carbonite web goalkeeper gloves are ergonomically designed to give easy fit|3
Generic Granite Fish|786.21|true|false|Frozen|lime|Cotton|Bins - Williamson|The beautiful range of Apple Naturalé that has an exciting mix of natural ingredients. With the Goodness of 100% Natural Ingredients|The Nagasaki Lander is the trademarked name of several series of Nagasaki sport bikes, that started with the 1984 ABC800J|2
Intelligent Plastic Pizza|872.13|true|false|Concrete|azure|Plastic|Tromp - Wyman|The automobile layout consists of a front-engine design, with transaxle-type transmissions mounted at the rear of the engine and four wheel drive|Carbonite web goalkeeper gloves are ergonomically designed to give easy fit|3
Awesome Frozen Shirt|375.92|true|false|Frozen|lavender|Frozen|Blanda, Pagac and Lesch|The slim & simple Maple Gaming Keyboard from Dev Byte comes with a sleek body and 7- Color RGB LED Back-lighting for smart functionality|Boston's most advanced compression wear technology increases muscle oxygenation, stabilizes active muscles|1
Generic Frozen Sausages|949.81|true|false|Wooden|orchid|Concrete|McCullough - Hyatt|New range of formal shirts are designed keeping you in mind. With fits and styling that will make you stand apart|Carbonite web goalkeeper gloves are ergonomically designed to give easy fit|5
Gorgeous Fresh Mouse|139.14|true|false|Wooden|salmon|Steel|Hagenes, Mann and Yundt|The automobile layout consists of a front-engine design, with transaxle-type transmissions mounted at the rear of the engine and four wheel drive|The Football Is Good For Training And Recreational Purposes|1
Small Steel Pizza|42.71|true|false|Cotton|olive|Metal|Cruickshank LLC|New ABC 13 9370, 13.3, 5th Gen CoreA5-8250U, 8GB RAM, 256GB SSD, power UHD Graphics, OS 10 Home, OS Office A & J 2016|Andy shoes are designed to keeping in mind durability as well as trends, the most stylish range of shoes & sandals|2
Awesome Steel Pizza|36.22|true|false|Metal|purple|Frozen|Klocko Group|Carbonite web goalkeeper gloves are ergonomically designed to give easy fit|The automobile layout consists of a front-engine design, with transaxle-type transmissions mounted at the rear of the engine and four wheel drive|1
Ergonomic Plastic Pizza|865.83|true|false|Soft|lime|Soft|Kirlin, Lowe and Dach|The beautiful range of Apple Naturalé that has an exciting mix of natural ingredients. With the Goodness of 100% Natural Ingredients|The automobile layout consists of a front-engine design, with transaxle-type transmissions mounted at the rear of the engine and four wheel drive|5
Generic Metal Bike|740.43|true|false|Wooden|pink|Metal|Reilly - Christiansen|New range of formal shirts are designed keeping you in mind. With fits and styling that will make you stand apart|The automobile layout consists of a front-engine design, with transaxle-type transmissions mounted at the rear of the engine and four wheel drive|3
Handmade Plastic Towels|993.11|true|false|Concrete|lavender|Soft|Schmidt LLC|Ergonomic executive chair upholstered in bonded black leather and PVC padded seat and back for all-day comfort and support|The automobile layout consists of a front-engine design, with transaxle-type transmissions mounted at the rear of the engine and four wheel drive|1
Practical Wooden Keyboard|175.83|true|false|Wooden|grey|Cotton|Dickens, Raynor and O'Kon|New range of formal shirts are designed keeping you in mind. With fits and styling that will make you stand apart|New range of formal shirts are designed keeping you in mind. With fits and styling that will make you stand apart|2
Incredible Metal Car|806.88|true|false|Frozen|magenta|Steel|O'Reilly - O'Conner|The Football Is Good For Training And Recreational Purposes|The Football Is Good For Training And Recreational Purposes|3
Intelligent Rubber Chair|296.66|true|false|Cotton|black|Fresh|Sanford and Sons|Ergonomic executive chair upholstered in bonded black leather and PVC padded seat and back for all-day comfort and support|Ergonomic executive chair upholstered in bonded black leather and PVC padded seat and back for all-day comfort and support|3
